sa,hi,skr_out,syllable_count,skr_meter,meter_cd,comments,prompt,split,model_out,out_meter
॥ श्रीमन्नृसिंह विभवेगरुडध्वजाय तापत्रयोपश मनाय भवौषधाय ॥ कृष्णाय वृ· श्चिकजलाग्निभुजङ्गरोगक्लेशव्ययाय हरये गुरवे नमस्ते ॥,"पिप्पलायन ने कहा श्री नृसिंह, समर्थ, गरुड़ध्वज तथा तीनों तापों को ( दैहिक, दैविक, भौतिक तापों को करने वाले, संसार की औषधि, तथा विच्छू' जल, दूर सर्प रोग के दुखों को दूर करने वाले, जगतके गुरु कृष्ण जी को मैं प्रणाम करता हूँ",vasantatilakā [14: tBjjgg],56,Vasantatilakā,Vasantatilakā,,"Objective:

Generate a sanskrit verse in Vasantatilakā meter based on a given meaning or theme while strictly following the metrical (?and rhyme) rules.

Rules of Chandas:
Syllable Rules:
LAGHU vowels: अ, इ, उ, ऋ, ऌ
GURU vowels: आ, ई, ऊ, ॠ, ॡ, ए, ऐ, ओ, औ
HRASVA vowels: अ, इ, उ, ऋ, ऌ
DEERGHA vowels: आ, ई, ऊ, ॠ, ॡ, ए, ऐ, ओ, औ
Syllable is marked laghu, guru and hrasva, deergha based on the vowel it contains.
Syllable containing anusvāra(""ं"") or visarga(""ः"") is always marked as guru.
Syllable that is followed by a conjunct consonant (saṁyuktākṣara)
is always marked guru.

Verse Rules:
The verse contains 56 syllables (akṣaras) and 4 pādas (lines) in total, with each pāda containing 14 syllables.
The pattern of syllables in every pāda must be: तगण (GGL), भगण (GLL), जगण (LGL), जगण (LGL), followed by two Guru (GG) syllables.
The complete pattern for each pāda is: GGL GLL LGL LGL GG.
L means Laghu, G means Guru.

Language:
The generated verse must be in sanskrit in Devanagri script.
The Input given is in the hindi.
Do NOT include English words, transliteration, labels, or explanations.

Output Format:
(Output exactly 4 lines, one pada per line. Nothing else.)
",test,नृसिंह समर्थ गरुडध्वज तापत्रयार्चक संसृतिवैद्यविच्छुजलानन्तरोग दुखापह जगत्प्रणतप्रणम्यमिन्दिरावलोकिनम् I,
